title,score,num_comments,id,url
Discussion Thread: US House Minority Leader Jeffries Holds News Conference on Fall Agenda,45,45,1n6mkc0,https://www.reddit.com/r/politics/comments/1n6mkc0/discussion_thread_us_house_minority_leader/
"Discussion Thread: US House and Senate Sessions on September 2nd, 2025",11,8,1n6nhqj,https://www.reddit.com/r/politics/comments/1n6nhqj/discussion_thread_us_house_and_senate_sessions_on/
Donald Trump to make televised announcement at White House,9612,1916,1n6hkww,https://www.newsweek.com/donald-trump-announcement-health-speculation-2122977
"Trump illegally sent National Guard to Los Angeles, federal judge rules",5511,125,1n6jsye,https://www.independent.co.uk/news/world/americas/us-politics/trump-national-guard-la-ruling-illegal-b2818545.html
"Trump, Gabbard fired top CIA Russia expert days after Alaska summit | The CIA officer was due to take up a prestigious assignment in Europe approved by CIA Director John Ratcliffe. Instead, her security clearance was summarily revoked.",10982,305,1n6f73u,https://www.washingtonpost.com/national-security/2025/08/27/cia-officer-russia-trump-gabbard/
Alarm after FBI arrests US army veteran for ‘conspiracy’ over protest against Ice,7752,172,1n6g1al,https://www.theguardian.com/us-news/2025/sep/02/fbi-arrest-us-army-veteran-ice-protest
Bizarre Video Shows Mystery Objects Thrown From White House Window,3938,248,1n6ircm,https://www.thedailybeast.com/bizarre-video-shows-objects-being-thrown-out-of-white-house-window/
Trump Hit With Fresh Fight Over the Epstein Files as Congressional Recess Ends,3555,88,1n6hh32,https://www.thedailybeast.com/president-donald-trump-hit-with-fresh-fight-over-the-jeffrey-epstein-files-as-congress-returns/
"Trump can't use National Guard in California to enforce laws, make arrests, judge rules",2102,88,1n6jl16,https://www.cnbc.com/2025/09/02/trump-national-guard-california-newsom.html
"No, Trump Can’t Legally Federalize US Elections",2641,185,1n6g90k,https://www.wired.com/story/trump-federalize-election-unconstitutional/
Judge Finds Trump Is Illegally Using the Military As a ‘National Police Force’,1117,57,1n6mdvy,https://www.rollingstone.com/politics/politics-news/trump-judge-illegal-military-police-force-los-angeles-1235419900/
Major Blow to Trump as Judge Rules Troop Deployment Unlawful,1098,72,1n6krzp,https://www.thedailybeast.com/major-blow-to-trump-as-judge-rules-troop-deployment-unlawful/
Congress is back in session. These 3 major issues loom.,1776,138,1n6gx4r,https://www.usatoday.com/story/news/politics/2025/09/02/congress-recess-shutdown-epstein-redistricting-major-issues/85865747007/
Why won’t top Democrats endorse Mamdani?,1130,591,1n6k5lg,https://www.peoplesworld.org/article/why-wont-top-democrats-endorse-mamdani/
Judge says Trump administration's use of US military in Los Angeles violated federal law,915,48,1n6jk0s,https://www.cnn.com/2025/09/02/politics/national-guard-california-trump-posse-comitatus-act-breyer
GOP lawmakers to be confronted by Jeffrey Epstein saga as they return to Congress,1109,30,1n6hqvf,https://thehill.com/homenews/house/5477430-epstein-files-gop-congress/amp/
'It’s Time': Ex-Politico Editor Has 6 Blunt Questions About Trump’s Health,844,134,1n6ibh3,https://www.huffpost.com/entry/trump-health-questions-garrett-graff_n_68b65715e4b0cd019d229af8?tqkr
Donald Trump Declares D.C. a 'Crime Free Zone' Despite Reported Crimes,13949,703,1n62egw,https://www.rollingstone.com/politics/politics-news/donald-trump-dc-crime-free-zone-claim-1235419598/
"Newsom v. Trump: National Guard illegally performed law enforcement in LA, judge rules",578,24,1n6k0c6,https://www.courtlistener.com/docket/70496361/176/newsom-v-trump/
"Americans Lose Faith That Hard Work Leads to Economic Gains, WSJ-NORC Poll Finds",4174,301,1n68jp4,https://www.wsj.com/economy/wsj-norc-economic-poll-73bce003
Casual Questions Thread,90,8311,1bwbuka,https://www.reddit.com/r/PoliticalDiscussion/comments/1bwbuka/casual_questions_thread/
"[Moderator Announcement] New Mod Applications, Rule Clarifications, and Community Feedback",3,12,1msce9l,https://www.reddit.com/r/PoliticalDiscussion/comments/1msce9l/moderator_announcement_new_mod_applications_rule/
"Why has it been so difficult for Democrats to get ""over the hump"" in North Carolina?",200,132,1n415bq,https://www.reddit.com/r/PoliticalDiscussion/comments/1n415bq/why_has_it_been_so_difficult_for_democrats_to_get/
What do you think about Gavin Newsom's new social media campaign mocking Trump's posting style?,953,568,1n3h9ca,https://www.reddit.com/r/PoliticalDiscussion/comments/1n3h9ca/what_do_you_think_about_gavin_newsoms_new_social/
Does the US constitution need to be amended to ensure no future president can get this far or further into a dictatorship again or is the problem potus and congress are breaking existing laws?,536,309,1n3f9s1,https://www.reddit.com/r/PoliticalDiscussion/comments/1n3f9s1/does_the_us_constitution_need_to_be_amended_to/
Is it possible for US to collapse like into parts like 1991 USSR?,162,272,1n2ycte,https://www.reddit.com/r/PoliticalDiscussion/comments/1n2ycte/is_it_possible_for_us_to_collapse_like_into_parts/
"If JD Vance is the Republican nominee in 2028 and loses the election, will he certify his own loss?",604,248,1n2l8ia,https://www.reddit.com/r/PoliticalDiscussion/comments/1n2l8ia/if_jd_vance_is_the_republican_nominee_in_2028_and/
Is there any scenario where the U.S. military would intervene in politics if there is a real threat to the Constitution?,254,308,1n1u079,https://www.reddit.com/r/PoliticalDiscussion/comments/1n1u079/is_there_any_scenario_where_the_us_military_would/
Why should a sitting President be held to the same legal standard as a civilian when it comes to lying or spreading misinformation?,0,40,1n37xll,https://www.reddit.com/r/PoliticalDiscussion/comments/1n37xll/why_should_a_sitting_president_be_held_to_the/
"Trump said today: “I have the right to do anything I want to do. I’m the president of the United States”. People from the US, what are your thoughts on this?",411,344,1n1apvl,https://www.reddit.com/r/PoliticalDiscussion/comments/1n1apvl/trump_said_today_i_have_the_right_to_do_anything/
"In 1795, Chief Justice Jay resigned to serve as Governor of New York. In 1832, Vice President Calhoun resigned to serve in the Senate. Could such a thing happen today? Is there any scenario where a prominent politician could resign to serve a ""lesser"" role, or has politics become too nationalized?",56,26,1n16f29,https://www.reddit.com/r/PoliticalDiscussion/comments/1n16f29/in_1795_chief_justice_jay_resigned_to_serve_as/
Will the shooting at the Annunciation Catholic School in Minneapolis embolden Democrats to make gun control an issue in the 2026 midterms?,0,61,1n1l2p6,https://www.reddit.com/r/PoliticalDiscussion/comments/1n1l2p6/will_the_shooting_at_the_annunciation_catholic/
"If allegations of mortgage fraud are cause for removal of Fed Governor Lisa Cook, would 34 felony counts of fraud be cause for removal of Trump?",403,61,1n09ltj,https://www.reddit.com/r/PoliticalDiscussion/comments/1n09ltj/if_allegations_of_mortgage_fraud_are_cause_for/
"Trump has said the DOJ will be filing a lawsuit against California's redistricting effort. With a Republican majority on the Supreme Court, can this lawsuit actually prevent California from doing what Texas is doing, giving the Republicans a House advantage?",1293,266,1mzv1a2,https://www.reddit.com/r/PoliticalDiscussion/comments/1mzv1a2/trump_has_said_the_doj_will_be_filing_a_lawsuit/
Should potential 2028 Democratic hopeful make campaign promises to recognize a Palestinian state?,0,261,1n0wgiu,https://www.reddit.com/r/PoliticalDiscussion/comments/1n0wgiu/should_potential_2028_democratic_hopeful_make/
Is the rise of authoritarianism a systemic response to crises within liberal capitalism?,57,120,1mzn0u5,https://www.reddit.com/r/PoliticalDiscussion/comments/1mzn0u5/is_the_rise_of_authoritarianism_a_systemic/
What is the tone for the DNC and the RNC primary's going to be like?,98,165,1mz6m1w,https://www.reddit.com/r/PoliticalDiscussion/comments/1mz6m1w/what_is_the_tone_for_the_dnc_and_the_rnc_primarys/
How can U.S. voters influence the situation in Gaza?,2,109,1mzt9qg,https://www.reddit.com/r/PoliticalDiscussion/comments/1mzt9qg/how_can_us_voters_influence_the_situation_in_gaza/
Can the Brownfield Problem Be Solved? What Are the Main Obstacles?,31,62,1myv6j9,https://www.reddit.com/r/PoliticalDiscussion/comments/1myv6j9/can_the_brownfield_problem_be_solved_what_are_the/
Who is America's best governor?,141,251,1mxwbnt,https://www.reddit.com/r/PoliticalDiscussion/comments/1mxwbnt/who_is_americas_best_governor/
"/r/WorldNews Live Thread: Russian Invasion of Ukraine Day 1286, Part 1 (Thread #1433)",443,58,1n69phs,https://www.reddit.com/live/18hnzysb1elcs
Donald Trump's 50-Day Deadline to Russia Expires,12687,529,1n6ktyj,https://www.newsweek.com/donald-trumps-50-day-deadline-russia-expires-2123116
"Ukraine’s Flamingo missile reportedly makes battlefield debut, wiping out six Russian hovercraft",4350,108,1n6jk79,https://tvpworld.com/88671811/ukraines-new-flamingo-missile-makes-battlefield-debut-wiping-out-six-russian-hovercraft-in-crimea-report
"Kremlin denies Trump, Putin ever agreed on face-to-face Zelensky meeting",5542,155,1n6ffs1,https://kyivindependent.com/kremlin-denies-trump-putin-ever-agreed-on-zelensky-meeting/
Indian PM meets Putin and urges him to stop war and look for peaceful settlement,8465,553,1n6acd0,https://www.pravda.com.ua/eng/news/2025/09/1/7528783/
Jair Bolsonaro faces justice over alleged attempt to usurp Brazilian democracy,875,23,1n6jzf5,https://www.theguardian.com/world/2025/sep/02/jair-bolsonaro-faces-justice-over-alleged-attempt-to-usurp-brazilian-democracy
New Ukrainian Flamingo Cruise Missile Scores Hits on Russian Secret Service Base in Crimea,553,16,1n6lhyq,https://www.kyivpost.com/post/59264
Nestle abruptly removes CEO Freixe over undisclosed relationship with subordinate,5090,191,1n683xd,https://www.reuters.com/sustainability/boards-policy-regulation/nestle-abruptly-removes-ceo-freixe-over-undisclosed-relationship-with-2025-09-01/
"Modern Russian Missiles Can Hit Any Part of Europe Within Minutes, Rutte Warns",576,203,1n6je3y,https://united24media.com/latest-news/modern-russian-missiles-can-hit-any-part-of-europe-within-minutes-rutte-warns-11318
"India becomes Ukraine’s top diesel source, while facing US tariffs over Russian crude",1068,68,1n6exki,https://www.moneycontrol.com/world/india-emerges-as-ukraine-s-top-diesel-supplier-even-as-us-penalises-new-delhi-over-russian-oil-article-13503430.html
Leaked ‘Gaza Riviera’ plan dismissed as ‘insane’ attempt to cover ethnic cleansing | Gaza,715,107,1n6gm5c,https://www.theguardian.com/world/2025/sep/01/leaked-gaza-riviera-plan-dismissed-as-insane-attempt-to-cover-ethnic-cleansing
Trump calls India-U.S. trade relationship 'a totally one sided disaster' after Modi visits China,3332,321,1n66tfh,https://www.cnbc.com/2025/09/02/trump-india-us-china-tariffs-trade.html
"Maduro warns of ""bloody threat"" as Trump deploys warships near Venezuela",12503,688,1n5yfan,https://www.newsweek.com/maduro-wans-trump-venezuela-us-navy-warships-2122827?utm_source=reddit&utm_campaign=reddit_main
Genocide scholar says group pushed through Israel condemnation without debate,1134,362,1n6cpnf,https://www.timesofisrael.com/genocide-scholar-says-group-pushed-through-israel-condemnation-without-debate/
Burkina Faso's junta passes law banning homosexuality,2736,431,1n67hry,https://www.france24.com/en/africa/20250902-burkina-faso-s-junta-passes-law-banning-homosexuality
Venezuela accuses the US of seeking ‘regime change’,3346,276,1n64xr5,https://www.dw.com/en/venezuela-accuses-the-us-of-seeking-regime-change/a-73840862
France orders hospitals war-ready by March 2026,5201,251,1n61y7t,https://euroweeklynews.com/2025/08/27/france-tells-hospitals-to-be-war-ready-by-march-2026-leaked-letter-lays-out-mass-casualty-plan/
"To defend against Russian tanks, Finland and Poland consider restoring wetlands",22232,495,1n5tdc8,https://www.france24.com/en/europe/20250828-to-defend-against-russian-tanks-finland-and-poland-consider-restoring-wetlands
Ukraine liberates Udachne village near Pokrovsk,559,8,1n6emct,https://euromaidanpress.com/2025/09/02/ukraine-liberates-udachne-village-near-pokrovsk
Belgium announces it will recognise Palestinian state,905,65,1n6bt54,https://uk.news.yahoo.com/belgium-announces-recognise-palestinian-state-030100037.html
